,time,tweet,emotion
0,2022-08-18T18:10:35.000Z,@MoSarwat Super Quick Language,Trust
1,2022-05-28T18:57:23.000Z,@RailwaySeva I have sent it already,Surprise
2,2022-05-28T18:25:40.000Z,@RailwaySeva @RailMinIndia @EastCoastRail please take a note of this issue also and resolve this in the next stoppage at Bhadrak,Fear
3,2022-05-28T18:16:31.000Z,@RailwaySeva Many passengers travelling without any reservations and people even sitting on the floor in D1 of train no 12838. Please make separate arrangements for such issue asap. It is not only a management issue but also a health risk for elderly travellers.,Fear
4,2022-05-23T14:22:06.000Z,@MercedesAMGF1 What percentage of relief do you have after finishing the Spanish GP?,Joy
5,2022-05-04T05:14:25.000Z,@DTDCIndia @DTDCIndia  I have been hearing the same thing from your customer care for the last 2 days. What's your time frame from changing this from 'will investigate' to 'have investigated'.,Trust
6,2022-05-03T15:38:20.000Z,"Poor service from @DTDCIndia. The package is travelling all around India but not getting delivered to my location. Customer Service members do not pick up the phone or cut calls in the middle of a conversation.

If you really care about customers, at least respond to tkt:2640468",Anger
7,2022-01-22T06:39:10.000Z,@redditstatus I am still seeing this error https://t.co/vtLwdtnVdz,Trust
8,2021-12-11T17:48:23.000Z,"@F1 I will do you one better: It's never ""why is the bollard""",Trust
9,2021-11-11T04:53:35.000Z,@HDFCBank_Cares Check your DM,Trust
10,2021-10-28T09:46:07.000Z,"@HDFCBank_Cares Every time I use your stupid EVA Assistant, I get this issue. Do you have a human assistant who can help me ASAP? 

What is the use of being a Classic Customer with Relationship Manager when he is being completely ignorant? https://t.co/JS9rsj6QZs",Fear
11,2021-09-26T13:33:00.000Z,"@DisneyPlusHS @F1 

Why am I seeing IPL during the live Russian Grand Prix? https://t.co/94QAndC9Av",Sadness
12,2021-09-12T17:40:00.000Z,@MrMichjoy @autosport This comment aged very poorly,Joy
13,2021-08-08T11:10:23.000Z,@Gabriel04647217 @VettelsBlues @F1 @danielricciardo So do you,Trust
14,2021-08-08T11:06:54.000Z,"@ftblfein @MercedesAMGF1 The one with you, located at the top of your nape",Trust
15,2021-07-24T06:33:10.000Z,The first one for INDIA üôå is here #TokyoOlympics2020 https://t.co/Zr80i4F7Vg,Surprise
16,2021-07-19T13:31:04.000Z,@F1 @alo_oficial @LewisHamilton We love F1 #wefighttogether,Trust
17,2021-07-19T12:45:28.000Z,"@MercedesAMGF1 @PET_Motorsports @MercedesAMG After the 1st lap incident, the crew didn't replace Hamilton's front wing and strapped the broken pieces with duct tape. What was the reason?",Sadness
18,2021-07-18T19:53:16.000Z,@MercedesAMGF1 @amgmotorsport @PET_Motorsports The comment section is so toxic. It's disheartening to see such acrid Max fans,Surprise
19,2021-07-18T16:37:35.000Z,@F1 This is the MAX vs HAM argument thread. Let's begin. My case: the best driver won https://t.co/0QPKv8lSAh,Anticipation
20,2021-07-18T16:33:10.000Z,@F1 Bad day for the 'V' guys https://t.co/xLX48URF9V,Joy
21,2021-07-18T15:54:03.000Z,"@gianluuka @Jantjebetton @F1 Agreed, it's racing. You expect everyone to fight at every corner. Besides Hamilton was in line with Max just before the corner when Max goes ahead. At a 180 mph it is difficult to predict or slow down",Joy
22,2021-07-18T14:51:08.000Z,@F1 10 seconds penalty. Are you serious @FIA? This was a first-lap incident. This is a yoke!!!,Surprise
23,2021-07-16T16:01:52.000Z,@F1 The Practice Session leaderboard will be repeated in Quali,Trust
24,2021-07-03T18:59:32.000Z,@Maruti_Corp @BalgudeSushant Did @Maruti_Corp explain/resolve the issue for you?,Trust
25,2021-06-27T19:00:09.000Z,@MercedesAMGF1 Is there a plan to update the power unit for bridge two-tenths gap in a straight line to RedBull?,Joy
26,2021-06-22T04:16:09.000Z,@MercedesAMGF1 @PET_Motorsports What was the major difference in strategic approach to French gp 2019 and 2021 according to you?,Surprise
27,2021-06-19T18:33:54.000Z,"@MercedesAMGF1 ""One More"" - We need to see Toto's reaction after that line. Did he break the wall?",Fear
28,2021-06-19T05:09:00.000Z,RT @BCG: How can customer needs for electric vehicle charging be met?,Trust
29,2021-06-19T05:08:46.000Z,"@TimesNow Awesome, now People will start roaming around till 3rd wave comes and kills us all.",Trust
30,2021-06-19T05:08:01.000Z,"@tpnodl_balasore @EnergyOdisha Power fluctuations continually happening since yesterday because of the reason mentioned here now. When will this be resolved? Please take this matter urgently or provide a contact number for the office. Issue in kanheipur, Jajpur https://t.co/kaDAixxsKc",Trust
31,2021-06-17T15:41:26.000Z,"@tpnodl_balasore Dear sir,

The issue is not for street light. Because of the insulation break, the transformer had causing the explosion, the street light have stopped working. So please fix the insulation so that this issue can be avoided in future",Fear
32,2021-06-17T02:00:54.000Z,@elonmusk Who is the first?,Surprise
33,2021-06-17T01:59:46.000Z,"@drharshvardhan Why don't you publicize the research that has been done to warrant this change?
Why UK has the same vaccine with the interval of 8-12 weeks?

Trying to create an abstruse conversation with a flair of words isn't really helping the noble cause Dr. Harsh Vardhan",Joy
34,2021-06-17T01:56:16.000Z,"@tpnodl_balasore Dear sir,

There isn't any unscheduled maintainance work. The street lights aren't working post the outage and no one has repaired it. How is an explosion a maintainance activity?",Joy
35,2021-06-15T01:45:45.000Z,"@tpnodl_balasore Early-morning Power cut under chorda fuse call-office, Jajpur road (ward no. 9). People heard a loud explosion. When will the power be back?",Anger
36,2021-06-14T05:15:49.000Z,RT @elonmusk: !! https://t.co/3H9gMEmSLF,Trust
37,2021-06-06T14:27:58.000Z,@PhnxForever @Jantjebetton @F1 I'm afraid your books are full of junk. You should try and burn them,Fear
38,2021-06-06T13:55:48.000Z,"RT @F1: No words 

#AzerbaijanGP üá¶üáø #F1 https://t.co/ZGtpG0FCTA",Trust
39,2021-06-06T13:49:32.000Z,@F1 I am rooting for #SV5 podium. Tough start for him in 2021,Trust
40,2021-06-06T13:08:40.000Z,"RT @F1: Concern then relief for dad

#AzerbaijanGP üá¶üáø #F1 https://t.co/0pavJdCGen",Trust
41,2021-05-26T16:12:58.000Z,@tpnodl_balasore Please update on the status of Jajpur road Power. When can we expect it to be back?,Anticipation
42,2021-05-22T14:06:57.000Z,@F1 Let's talk about Hamilton :D :D,Joy
43,2021-05-20T02:30:35.000Z,Wow https://t.co/0aFn9A2wMM,Surprise
44,2021-05-20T02:29:35.000Z,"The taxpayers of of this lovely nation

 #CongressToolkitExposed https://t.co/CDkWmIs0xr",Fear
45,2021-05-13T15:54:10.000Z,@indiatvnews @RajatSharmaLive Impossible. End of discussion. Why do you want to spend 30 mins of everyone's time?,Sadness
46,2021-05-09T14:53:50.000Z,"@PizzaHutIN @PizzaHutIN  I guess 100s of Moms'(including mine) would have this as pizza when we were kids: Uttapam (https://t.co/lxDKWEekHw)

The OG desi pizza of India",Sadness
47,2021-05-03T03:07:52.000Z,"RT @Nidhi: India COVID-19 second wave: ‚ÄúI am angry. Angry that I have lost too many friends, colleagues and their loved ones over the last‚Ä¶",Joy
48,2021-04-28T10:47:23.000Z,"Registration for 18-44. #cowinregistration Site not working at all. Please resolve the issue at the earliest Folded hands 
@SetuAarogya
 
@PMOIndia
  #CoWin #VaccineRegistration https://t.co/Zp2HKzs2Nb",Joy
49,2021-04-17T03:12:42.000Z,@blesssdme @ICICIBank @ICICIBank_Care They are like that. They don't even care for their so-called premium customers,Joy
50,2021-04-14T15:01:20.000Z,"@ICICIBank_Care For your information, Being a prime member I have the application for your 'invite only' basis based on which I had applied by providing the required details. This is regarding the completion of KYC",Joy
51,2021-04-14T13:02:16.000Z,"@ICICIBank_Care I am trying to get @amazonIN ICICI Bank credit card and your service has just been pathetic. I have been trying to call your customer service multiple times. Every time it's same thing, they want to speak to someone put the call onhold and call gets disconnect.",Joy
52,2021-04-08T15:09:05.000Z,"@MoHFW_INDIA @PMOIndia @drharshvardhan @AshwiniKChoubey @PIB_India @mygovindia @COVIDNewsByMIB @CovidIndiaSeva @DDNewslive @airnewsalerts @ICMRDELHI @UNICEFIndia Dear Aulu Mangulu, You have succesfully been vaccinated with your 1st Dose with COVISHIELD on 06-04-2021 at 04:24 PM. You may download your vaccination Certificate from - https://t.co/GQwERo6UUe - CoWIN",Trust
53,2021-04-08T15:08:41.000Z,"@MoHFW_INDIA @PMOIndia @drharshvardhan @AshwiniKChoubey @PIB_India @mygovindia @COVIDNewsByMIB @CovidIndiaSeva @DDNewslive @airnewsalerts @ICMRDELHI Hello @MoHFW_INDIA  @UNICEFIndia  , I am not even 35 and haven't even received the first dose of vaccine. Still I get this message. This isn't even my name.

Dear Aulu Mangulu, You have succesfully been vaccinated with your 1st Dose with COVISHIELD on 06-04-2021 at 04:24 PM.",Trust
54,2021-04-08T15:02:25.000Z,@PMOIndia @narendramodi Stop Vaccination wastage,Trust
55,2021-04-04T02:38:12.000Z,@Mangesh05130001 @TataMotors_Cars @TataCompanies I was waiting for a test drive. Now I have waited enough. Going for renault,Anticipation
56,2021-03-24T03:52:46.000Z,"RT @realmeIndia: Congratulations to all the winners of the #realme8series Taskmaster Contest!

Check out the link to see if you are 1 of th‚Ä¶",Fear
57,2021-03-21T14:31:55.000Z,@F1 Sebastian Vettel to win at least 1 Grand Prix :),Trust
58,2021-03-14T16:39:12.000Z,@BCCI @Paytm So Rishabh has a chat with @imVkohli again and gets out in the next ball. COINCIDENCE ü§£ü§£,Trust
59,2021-03-05T09:53:37.000Z,@Maruti_Corp,Trust
60,2021-03-05T09:46:08.000Z,@MSArenaOfficial I have already sent an email to your complaints mail id. I need an escalation on this issue asap. Details have already been sent over your private chat,Anticipation
61,2021-03-03T08:45:56.000Z,"@shubham_016 @TataMotors I have had the same experience, the worst part is the dealer or tata  didn't even follow up.",Sadness
62,2021-03-01T10:22:11.000Z,"So here we go to another case of jugaad. Indians do find a way around things.

@reliancegroup @JioMart 

#Jugaad https://t.co/DxbOZYjnUL",Joy
63,2021-03-01T08:24:16.000Z,@ChandanChandii @TataMotors You booked your Vehicle. I can't even get a test drive from them üòÇ. Looks like I might go with kiger or brezza.,Joy
64,2021-02-28T12:38:29.000Z,@TataMotors_Cars Explained,Surprise
65,2021-02-27T03:09:29.000Z,"RT @BiIndia: #Datacracy | #Whatsapp, #Signal and #Telegram face a catch-22 situation as India‚Äôs new social media rules threaten encryption‚Ä¶",Trust
66,2021-02-27T03:03:18.000Z,"@RajibSa14696013 @TataMotors @BosePratap Is it that every time there is an issue with your leader or Customer care, I will have to tweet to get a fix for this @TataMotors?",Trust
67,2021-02-18T12:27:01.000Z,"@RajibSa14696013 @TataMotors @BosePratap Thanks for escalating this issue, got a reply from the dealer team today for the test drive",Trust
68,2021-02-18T02:26:13.000Z,@nesco_balasore We contacted the person on this number and the guy who takes the meter reading. None of them are able to update it. Please share your office contact so that we can fix this,Anger
69,2021-02-18T02:21:49.000Z,@RajibSa14696013 @TataMotors Well it seems the support team and dealer network at Tata motors is useless. @BosePratap Sir's amazing designs doesn't seem to be backed up by folks who can sell them.,Trust
70,2021-02-12T17:06:59.000Z,@Microsoft I would like a 'Super Power in a mug',Trust
71,2021-02-12T16:03:04.000Z,@TataMotors You do not even have the courtesy to bring the car for test-driving for a potential buyer. What can I expect from you in service if the first step is so careless üòí?,Joy
72,2021-02-07T08:43:55.000Z,@SwatiJaiHind Fingers crossed but 2021 sure has come with a mixed set of feelings. Praying for safety of our brothers and sisters out there üôèüèΩ,Fear
73,2021-02-01T15:59:44.000Z,@sardesairajdeep Still waiting for an update on the tattered road that runs in front of my apartment. https://t.co/O9QYwK4ubZ,Anticipation
74,2021-02-01T15:52:40.000Z,"Hi @AskDyson,

I am looking for an update on the status of the product with reference number: 13796409",Anticipation
75,2021-01-13T14:46:46.000Z,"@MSArenaOfficial Thank you for your efforts. While apparently I was the only customer for whom this issue was seen according the  support representative, it is good to see the customer support provided by @MSArenaOfficial @Maruti_Corp",Surprise
76,2021-01-06T14:23:22.000Z,@nesco_balasore Please enable private messaging on your account so that I can share or provide me with your Jajpur contact point to whom I can provide the requisite info,Trust
77,2021-01-06T06:50:41.000Z,"@nesco_balasore Well, it was not reported to our registered mobile number.",Sadness
78,2021-01-06T03:52:13.000Z,"@nesco_balasore No power in kanheipur, Jajpur Road since the last power. Are there any issues?",Trust
79,2020-12-22T17:19:22.000Z,@UnboxTherapy #100FREEiPhone12 https://t.co/1h0pXarEkj,Trust
80,2020-11-30T14:50:37.000Z,@Maruti_Corp How am I supposed to communicate if the assigned representative doesn't pick up my calls?,Anger
81,2020-11-30T02:19:23.000Z,"@mannishwalia @Airtel_Presence That's sadly true. Putting fake advertisement and false claims about making 0 customer queries.  

They create a request and resolve the request in a day without asking the customer about the issue. Airtel is a pathetic company",Trust
82,2020-11-29T03:37:13.000Z,@arpitsmash @Maruti_Corp @MSArenaOfficial I haven't even received a complaint number. @MSArenaOfficial hasn't registered my complaint,Anger
83,2020-11-29T03:33:30.000Z,@MSArenaOfficial @MSArenaOfficial when will you contact me?,Anticipation
84,2020-11-28T13:10:23.000Z,@Airtel_Presence Thank you for pathetic service. I have now decided to deactivate my SIM by next month. It's not just the issue. It's the fact that u mentioned an issue about something after 8 days which u could do in an hour. This just shows how messed your CC is.  @airtelindia @Airtel_Presence,Trust
85,2020-11-28T07:50:41.000Z,@Airtel_Presence This issue has been going 3 service requests with resolution dates being pushed all over the place. Is this how you plan to get to 0 customer issues on your portal? @airtelindia @Airtel_Presence. Please send a direct contact point for your customer care representative ASAP in DM,Trust
86,2020-11-28T07:34:58.000Z,@gauravsahu0991 @Maruti_Corp This is really sad. Customer satisfaction is always a miss even when you spend 10 lakhs on a product.,Sadness
87,2020-11-28T06:09:53.000Z,@Maruti_Corp @MSArenaOfficial  I have already sent out an email as well as asked you over chat regarding my issue. Please reply as this urgent and a shameful miss from your as well as the dealership's end.,Trust
88,2020-11-26T13:56:34.000Z,This is so true https://t.co/awrF0H0m4d,Trust
89,2020-11-24T06:55:02.000Z,@Airtel_Presence Hi @Airtel_Presence can you update on this issue? I was told that this would be resolved by 24th. But I still do not see any update,Trust
90,2020-11-20T05:55:00.000Z,"@Airtel_Presence Hi, I have already shared the details with you. Have now reshared those over DM",Joy
91,2020-11-20T05:19:22.000Z,"@Airtel_Presence Thanks, I have already shared the details over DM",Joy
92,2020-11-20T04:28:35.000Z,@airtelindia,Trust
93,2020-11-20T04:24:16.000Z,"@Airtel_Presence Hi Airtel,

I have incorrectly recharged to a number. Please help revert it back and sent the amount back to my account. I have messaged you the details over DM.",Trust
94,2020-11-08T05:13:41.000Z,Crazy https://t.co/XFIW4INXc4,Trust
95,2020-10-28T17:46:31.000Z,"@OnePlus_IN Float like a Cadillac, sting like a Beemer

or 

Speed, I'm Speed ü§£ü§£ https://t.co/n7Uao4fp9s",Joy
96,2020-10-18T15:24:31.000Z,@hotstar_helps Thanks that resolved the issue,Trust
97,2020-10-18T12:47:15.000Z,@DisneyplusHSVIP Unable to login to Hotstar. I have a Premium account and this is very frustrating. I have even sent out an email to support for this issue https://t.co/PVkjWLJoaG,Disgust
98,2020-10-11T07:12:16.000Z,"@anandmahindra I think a meme with a caption is better for the ""OG Chairman""

No offence intended üòÄ https://t.co/b5wbJOn6Dn",Trust
99,2020-10-07T15:21:05.000Z,@nesco_balasore @nesco_balasore @CMO_Odisha power is still not back up in Jajpur Road since the last 12 hours. I understand this is an annual Maintainance. However such issue without prior information is highly unacceptable. Request you to please let us know when the power will be back.,Trust
100,2020-10-07T13:53:52.000Z,@hrenee80 @realDonaldTrump @hrenee I find this quite interesting :D,Surprise
101,2020-10-07T13:30:14.000Z,Adding @HPIndia to help out in this case,Fear
102,2020-10-07T13:24:52.000Z,"@HPSupport Hi, I have already sent out an email and sent out a DM to you. Please respond",Anticipation
103,2020-10-06T05:21:32.000Z,@HPSupport I have sent out a DM. PLEASE check and contact me ASAP,Sadness
104,2020-10-04T06:01:33.000Z,Can you please assist me in resolving the issue?,Trust
105,2020-10-04T06:01:02.000Z,"@HP I am having an issue with my 5 month old external USB keyboard ""HP Gaming Keyboard K300""

Some of keys are incorrect. For example the 'l' key types as the British pound key and 'o' opens  mail. It doesn't happend with my primary keyboard.",Trust
106,2020-09-13T16:10:38.000Z,"RT @F1: A mad race at Mugello ü§Ø

Here's how the drama unfolded üëá

#TuscanGP üáÆüáπ #F1 

https://t.co/U2uC725Bay",Joy
107,2020-09-05T08:55:22.000Z,@GATIKWEIndia Never mind I got the items. Thanks :),Trust
108,2020-09-02T10:37:00.000Z,"RT @realmemobiles: To
Agents of #TheRealMission, 
We've just intercepted a cryptic message from Ronnie to his control room.

- .- .-. --. .‚Ä¶",Joy
109,2020-08-26T09:30:16.000Z,@Maruti_Corp Thanks for the effort @Maruti_Corp I was contacted by the service dealer and the issue has now been resolved. Thanks a lot ‚ò∫Ô∏è,Joy
110,2020-08-20T17:45:04.000Z,"@narendramodi
 
@myogiadityanath
 
@drharshvardhann 

Please help here https://t.co/lIvDI95f4L",Trust
111,2020-08-19T18:10:46.000Z,"@Maruti_Corp Thanks for escalating this, I have received a call from Service Manager on 16th. Still waiting on the parts to be shipped.",Joy
112,2020-08-14T17:59:16.000Z,@WindowsDocs Ninjacat yeeeeeee,Trust
113,2020-08-14T15:19:19.000Z,@Maruti_Corp @MSArenaOfficial #RCBhargava Please update on this case and stop replying with bots.,Fear
114,2020-08-14T09:46:00.000Z,"@pavisakthi Hi, were you assisted here. I need help as well",Surprise
115,2020-08-14T09:42:43.000Z,@Maruti_Corp Can you please tell me how many times your corporation will take my number and email before contacting me?,Anger
116,2020-08-14T04:25:28.000Z,@Maruti_Corp Here's the complaint ID:  CRM:002077000002197,Sadness
117,2020-08-13T17:27:24.000Z,"@Maruti_Corp While I have been affected by the negligent service center for 2 months, it has already been over 3 days and no reply to my complaint filed at your corporate email ID. Even your pathetic Customer Service can't give an answer. Why do you make such fake promises?",Anger
118,2020-07-23T15:10:21.000Z,@saurabhkanth786 @ANI I hope you are putting this up as a joke and not being serious.,Fear
119,2020-07-22T03:56:35.000Z,"@godrejsecure First fix your product problems and customer issues, then talk about fixing corona. India has COVID WARRIORS fighting against the dreaded virus.",Fear
120,2020-07-07T05:38:49.000Z,@PrashantPandhi @Maruti_Corp @Maruti_Corp you should take this issue seriously and personally contact the OP to resolve the issue.,Trust
121,2020-06-29T07:39:53.000Z,@godrejsecure Your sincerity is highly insincere. You have lost a customer. With such attitude probably you would lose many more.,Trust
122,2020-06-27T06:33:06.000Z,Adding @godrejsecure @GodrejGroup please look into this. This should be resolved at the earliest since this is your product causing us : customers a hassle. I have been a good fan of your products for quite sometime. But the issue and response delays is really affecting this. https://t.co/QbgZMZySAP,Disgust
123,2020-06-27T06:29:50.000Z,@godrejsecure @godrejsecure @GodrejGroup  still no response from you after sharing my details. When are you planning to contact?,Trust
124,2020-06-24T06:37:22.000Z,@godrejsecure Thanks I have shared the contact detail over private messaging,Joy
125,2020-06-23T04:56:46.000Z,"This is how poor the quality of the camera. TO confirm your points it is placed on roof-top, away from places where there can be a heavy splash of water. https://t.co/I2nC0pKeOC",Joy
126,2020-06-23T04:52:26.000Z,The technician came in June and obviously he couldn't fix it nor replace it since it is  out of warranty by 2 months,Sadness
127,2020-06-23T04:50:49.000Z,This is really a poor service and frustration to customer as part of Godrej. Here's the link to product: https://t.co/jchFmCCVak,Anger
128,2020-06-23T04:49:36.000Z,"@godrejsecure I had bought a Godrej 2MP camera whose warranty expired in January 2020. During lockdown in March, 2020 the waterproof camera stopped working. Is this the kind of product you have designed. How  is  it that a product  marketed as IP33 gets damaged by rainfall?",Sadness
129,2020-06-07T09:17:45.000Z,@Lenovo_in Thanks @Lenovo_in I received my order finally. Big üëç to delivery service. But please make sure that you update the details of order on portal. I still don't see that.,Surprise
130,2020-05-30T16:07:19.000Z,"@Lenovo_in That is again some generic info. If I dont get an update of order dispatch within the next 2 days, please take the necessary steps to cancel this order.",Joy
131,2020-05-30T07:13:00.000Z,"@Lenovo_in Highly disappointed with your service. I understand it is a pandemic situation and you are short handed, but you aren't  taking note of the rudimentary issues most consumers have been tweeting and resolving them like: Where is the order? In my city or in your warehoure.",Sadness
132,2020-05-30T07:08:35.000Z,"@Lenovo_in Give me a way to track my order, a fixed contact point.Your CC number in the website is responding to my call. Then how am I supposed to know where is my order? You should really think of this situation logically rather than being a 
corporate avarice.",Trust
133,2020-05-30T07:03:47.000Z,@Lenovo_in I dont care about EDDs,Trust
134,2020-05-30T04:04:25.000Z,@Lenovo_in @Lenovo_in @Lenovo Still not received. The last message I received was it will be shipped from the warehouse. Any update?,Joy
135,2020-05-21T16:32:05.000Z,@Lenovo_in FYI the name's Ipsit and my point is about the website being updated with my order which was mentioned in DM and is still not fixed.,Anger
136,2020-05-21T16:27:47.000Z,@Lenovo_in And why do I get this on my order Status page. This looks something fishy and is not at all expected from such a renowned company. I have shared the link in the DM as well https://t.co/nDaIk3SecV,Surprise
137,2020-05-21T16:22:59.000Z,@Lenovo_in @Lenovo_in @Lenovo Still no reply and no update on my order. Request you to cancel my order and refund the amount ASAP,Sadness
138,2020-05-20T05:31:09.000Z,"@Lenovo_in Yes, please do that asap . Thanks",Trust
139,2020-05-19T17:44:31.000Z,"@Lenovo_in Can you please let me know why my Order details are not being shown on my account/ order status. I received a mail ""Thanks for your order 4295323615"" but nothing is reflected on my account. Also please reply to Ticket ID #SGT-732-49289",Trust
140,2020-05-14T01:40:24.000Z,@JajpurAdmn ‡¨≠‡¨≤ ‡¨ï‡¨æ‡¨∞‡≠ç‡¨Ø‡≠ç‡≠ü‡•§ ‡¨¶‡≠ü‡¨æ‡¨ï‡¨∞‡¨ø ‡¨è‡¨π‡¨æ‡¨ï‡≠Å ‡¨è‡¨ï ‡¨Ö‡¨´‡¨ø‡¨∏‡¨ø‡¨Ü‡¨≤‡≠ç ‡¨∏‡¨∞‡≠ç‡¨ï‡≠Å‡¨≤‡¨æ‡¨∞‡≠ç ‡¨≠‡¨æ‡¨¨‡¨∞‡≠á ‡¨Ö‡¨Ç‡¨∂‡≠Ä‡¨¶‡¨æ‡¨∞ ‡¨ï‡¨∞‡¨®‡≠ç‡¨§‡≠Å |,Trust
141,2020-05-11T03:21:09.000Z,"RT @Imhadeed: China's safety measures to prevent COVID-19 in educational institutes

In Pakistan: Sab Ko Pass Kardo *Case Closed*
#Lockdown‚Ä¶",Trust
142,2020-05-10T17:32:46.000Z,@MKBHD @ColorWare Hmm gave this a shot @MKBHD,Surprise
143,2020-05-10T17:32:07.000Z,"RT @MKBHD: Alright it's international giveaway time - Looking to make someone's quarantine time a little more fun!

Giving away this custom‚Ä¶",Trust
144,2020-05-10T17:29:36.000Z,@elonmusk Hey @elonmusk please come to India by the second half of 2021 with @Tesla,Surprise
145,2020-05-09T19:46:08.000Z,@TelanganaDGP @cyberabadpolice Thank you for your cooperation in getting epass üôèüèª. This helped me to get back home!,Joy
146,2020-05-06T16:36:10.000Z,@Welearn777 @Gopinat99535091 @HFWOdisha The government order is for home quarantine and other options if  that is not possible . Please refer to the original tweet before being a snob!,Surprise
147,2020-05-06T11:02:01.000Z,@jasvinderIND @2408_Nitin @TelanganaDGP @TelanganaCOPs @Uppolice @RailMinIndia @mygovindia @UPGovt @TelanganaCMO But sir it is difficult to survive on Khichdi for 2 months right?,Joy
148,2020-05-06T09:52:48.000Z,"@iamrohittt @CMO_Odisha Hi, were you allowed for Home quarantine in Rourkela?",Surprise
149,2020-05-06T08:15:36.000Z,@Shakti00263601 @HFWOdisha I dont think they are allowing home quarantine. Did they allow you? The info mentioned here is incorrect @HFWOdisha please make a note we are not being allowed for home quarantine in our block. They are not even replying to address the issue.,Disgust
150,2020-05-06T04:44:48.000Z,"Sir, Request you to please reply at the earliest",Trust
151,2020-05-06T04:42:56.000Z,"@JajpurAdmn @spjajpur @CMO_Odisha There are 2 sets of regulations being displayed. 

1. dated April 26th https://t.co/BAe1iglmTs 

2. dated May 4th https://t.co/hZVNivR74Y

Please check 3rd paragraph in first link and II(c) in 2nd guideline for discrepancy. People are confused.",Surprise
152,2020-05-06T03:45:56.000Z,"RT @fs0c131y: Hi @SetuAarogya,

A security issue has been found in your app. The privacy of 90 million Indians is at stake. Can you contact‚Ä¶",Trust
153,2020-05-06T03:16:10.000Z,@JajpurAdmn @JajpurAdmn request you to please reply to the comments.,Trust
154,2020-05-05T14:14:23.000Z,"@HFWOdisha Hello Sir,

I am trying to return to my hometown from Telangana. While the guidelines states we are allowed to go for home quarantine. But I am being asked to go to quarantine centers. I am already in lockdown homes here with no external movement. Please help me out here.",Disgust
155,2020-05-05T13:14:53.000Z,@VenkatLohit @sainath_sidagam @ysjagan Have they allowed you @VenkatLohit ?,Trust
156,2020-05-05T12:53:56.000Z,"@TelanganaCOPs Hello Sir,

My epass has been generated but the image is not visible. I think this wont be valid. Can you please tell me how to get another pass? Please help me out here as I am planning to leave on 8th. https://t.co/sgV6ChPLWR",Trust
157,2020-05-04T05:25:32.000Z,@pradipbehera41 @mahesh_0205 @TelanganaDGP I am planning to go to Bhubaneshwara. Did you get the pass?,Fear
158,2020-04-28T05:26:46.000Z,@Tennesseine @GOP Right #whoHasCovid19 should be the right way to go,Surprise
159,2020-04-23T10:21:17.000Z,@bigbasket_com Just got it delivered. Though the slot was scheduled for 11 am-1pm. have to have it delivered now. Kudos to your service. The previous delivery was cancelled for me Order Id : DX-MHO-117560313-210420,Joy
160,2020-04-23T09:48:25.000Z,@bigbasket_com There is no block for Bigbasket delivery in my area. Still my order has been getting cancelled.,Sadness
161,2020-04-17T16:11:16.000Z,@Sarcasmkithaili Then move your clock back 5 hours üòÜ,Joy
162,2020-04-16T04:07:55.000Z,@Emmie22258735 @kumarshefali @melindagates @WHO We dont know the root cause. All our bias is based out of speculations and no concete material. At least that is what the general public is aware of,Joy
163,2020-04-15T08:44:14.000Z,@kumarshefali @melindagates @WHO I agree to your point but I believe @melindagates point is right that at this point we should not stop the funding as they are the better link to the chain. The discussions to look into  WHO's administration level can be taken up post this crisis.,Trust
164,2020-04-14T04:45:56.000Z,#Lockdown2 #pmmodiaddresstonation Lockdown extended to 3rd May,Joy
165,2020-04-11T17:49:38.000Z,"Increase the production of Covid-19 testing kits. The production efficiency is low by 47% in comparision.

Here's how we compare to China in the 17 day lockdown we already had and India's peak periods.

https://t.co/sSkNEt8ysH
https://t.co/RAj8fkpIKL

#Lockdownextention",Trust
166,2020-04-09T14:50:08.000Z,@no_ashirbad 2 lions are nothing in front of a mob of people filled with frustration.,Anger
167,2020-03-30T14:19:13.000Z,"RT @DeanObeidallah: @realDonaldTrump Trump on Sunday said if only 100,000 Americans die from coronavirus ""we all together have done a very‚Ä¶",Fear
168,2020-03-29T13:35:31.000Z,#SideEffectsOfQuarantineLife I am re-educating myself with the graphs of basic equations. https://t.co/TK1H0dQWQR,Joy
169,2020-03-29T05:25:55.000Z,"The news shows migrants from different parts of the country which was foreseen earlier.
Do we have solutions which have been used in other countries which can be implemented? 
#COVID2019india #coronavirusindia #MigrantsOnTheRoad",Fear
170,2020-03-29T04:55:09.000Z,@Ram_stark2k Do you still trust this? Please have a look at the winners list over the last 3 months! #AmazonWheelOfFortune,Trust
171,2020-03-25T06:26:51.000Z,"@narendramodi Steel industries are shutting down which in turn would cause huge losses unless provided a bailout package for companies. Support is needed to keep them running. These 21 days are vital to save them! 
@narendramodi
 
@RINL
 #Steel #exports #ferrous #coronavirus",Fear
172,2020-03-20T11:14:57.000Z,@myvoltas It seems to have been resolved but I cant confirm on it unless the person can check and confirm there isnt any gas leak. I had mentioned that before closing the ticket but I haven't received any update from them.,Joy
173,2020-03-14T08:52:32.000Z,Well the service has been to the point under warranty. I would like to know how can I trust the #TATA product if it fails like this within a year?,Trust
174,2020-03-14T08:49:58.000Z,"@myvoltas @TataCompanies  My VOLTAS AC is under warranty less than a year since I bought out. During the 2nd servicing they found out a gas leak which the technicians are going to fix on Monday. 

Request ID: 20031209001",Joy
175,2020-01-25T08:49:07.000Z,@realmemobiles The moment #Contest #HuntForBlue https://t.co/0ZhLDIp0cy,Joy
176,2020-01-25T04:41:42.000Z,Hey @amazonIN you have a mistake in today's quiz. The correct answer to first question is LVMH not LMVH . Let's fix this ASAP #QuizTimeMorningsWithAmazon,Trust
177,2019-10-30T01:41:32.000Z,@zomatocare There is still no update. When are you planning to update me on this?,Anticipation
178,2019-10-28T12:56:48.000Z,"@ZomatoIN Your highness, Can you explain this statement made by your precious bot?

Your authorized restaurants have been messing up my past 2 orders giving incorrect items or missing items. 

How come is it the customer's fault for your mess up?? #zomato https://t.co/Ro3GEmsHZx",Anger
179,2019-09-16T05:44:49.000Z,RT @asphalt: The #Asphalt8 Summer Tournament is over and we have 3 world champions! üèÜ This racers have shown ability never seen before in o‚Ä¶,Fear
180,2019-08-31T03:55:12.000Z,@GameloftIN @moderncombat When is the next big Asphalt 8 event coming to India?,Anticipation
181,2019-07-21T04:01:47.000Z,@GameloftIN @BentleyMotors @asphalt I am trying to win this car :D just for the livery,Anticipation
182,2019-07-13T09:41:07.000Z,This club is the fastest! The members of LEGIONS UNITED should join the Security Force! Play #Asphalt9: Legends: https://t.co/ax6SY4rUB8 #A9FASTEST,Anticipation
183,2019-06-23T16:15:33.000Z,@awesomestriker @GameloftIN There were a bunch of hackers removed 2 weeks ago. Seems like they just keep popping back up again. Asphalt8 I still find safer to play as there are less hackers,Surprise
184,2019-06-10T15:23:22.000Z,@zomatocare Thanks for the quick escalation. As discussed you should mention the info to the user before they go ahead,Trust
185,2019-06-09T17:07:32.000Z,@ZomatoIN 1202921927: already been  routed  thrice by customer care for  the cashback üò°. We  will  update your wallet in the next 24 hours due to some technical issues. Thats what they say. Please look into this asap !!,Anger
186,2019-05-27T15:08:48.000Z,@asphalt So the session one ended for me and I didn't do well in the first qualifier and have less hope for the remainingüòÖ170ish rank isn't good enoughüò∂üò∂,Joy
187,2019-05-27T12:55:18.000Z,@GameloftIN @XboxIND Awesome,Trust
188,2019-04-03T03:20:32.000Z,@OnePlus_IN 404 error? @OnePlus_IN,Trust
189,2019-03-25T16:38:23.000Z,"@SuhailD26006834 By ""we"" you mean u and ur friends. Great keep complaining!!!",Trust
190,2019-03-25T12:08:49.000Z,@GameloftIN Yay!! Thanks @GameloftIN,Joy
191,2019-03-22T02:04:35.000Z,"The bull paying respect to the colors around it while being painted pink. During holi in India we paint cows üòÖ
#asphalt9holi #asphalt9giveaway
@GameloftIN https://t.co/RyFMI77m0L",Joy
192,2019-03-22T01:58:47.000Z,"The bull just loves playing with colors. Doesn't he?
#asphalt9holi #asphalt9giveaway. @GameloftIN https://t.co/Dbi6ljslNy",Surprise
193,2019-03-20T03:59:03.000Z,@GameloftIN Any plans for India üòÉ? https://t.co/sh1hGYFvWG,Surprise
194,2019-03-19T14:59:41.000Z,"Been a few months since I played Asphalt 8. Good to know I still have the skills.
Not really!! I played about 50 or more races thanks to 0 fuels in the event üëè.  
#Asphalt8 https://t.co/XGZucAfiJk",Surprise
195,2019-03-18T09:33:22.000Z,"@GameloftIN Just started playing this, a good distraction from the Asphalt series.",Fear
196,2019-02-17T03:08:09.000Z,"@GameloftIN üòÇüòÇ 
Life of a gamer
1. Wake up
2. Gaming
3. Working/Gaming
4. Gaming
5. Sleep",Joy
197,2019-02-06T04:25:01.000Z,@GameloftIN Congrats it is well deserved :),Joy
198,2019-01-22T10:04:06.000Z,@asphalt Currently at 1910 :D,Joy
199,2019-01-01T13:17:18.000Z,@asphalt The Apollo IE and Mclaren X2 update üòÄ,Surprise
200,2018-11-13T16:58:40.000Z,@asphalt Corvette GS and hayabusa r&amp;d,Trust
201,2018-10-28T13:01:07.000Z,@Murali_Darvadi @RohanDs06 @GameloftIN @OnePlus_IN @TheOnePlus6 Mine is BT31B,Trust
202,2018-10-23T00:34:54.000Z,"@SuhailD26006834 Anyone can say whatever they want sitting behind the screens. Posting my best laps just to prove I am not a hacker, yeah well I don't have time for that. You can think whatever you want. 

Have a great day üôÇ",Trust
203,2018-10-20T02:19:28.000Z,"Received the big one from the #OnePlusAsphaltCup ""The Amazing One Plus 6"" and the cool ""One Plus bullets wireless""

@GameloftIN @OnePlus_IN Thank you for the amazing prizes üòçüòç. 

And I have already downloaded Asphalt 8 and Asphalt 9 and started playing on the new phone üòÖüòÖ https://t.co/SEPrGltuL1",Joy
204,2018-08-04T14:21:36.000Z,"@Rishik_Raiden Well for start, The sound quality is awesome just as you would be expect from OnePlus. Still getting used to switching wireless after using wired earphones for so long.",Anger
205,2018-07-29T16:24:55.000Z,"Finally received my OnePlus Bullets Wireless earphones üòçfrom #Round3  #OnePlusAsphaltCup . Thank you @GameloftIN @OnePlus_IN

Waiting for the big prize to arrive üòä https://t.co/cOFeZy30Vq",Joy
206,2018-07-25T04:18:28.000Z,Follow the path of #Legends and pre-register for the launch of @Asphalt 9: Legends: https://t.co/weeqqEmbc8 #Asphalt9Legends #StartYourLegend,Trust
207,2018-07-23T15:33:06.000Z,"RT @OnePlus_IN: Big winnings to match effortless speed at the OnePlus Asphalt Cup. This includes INR 5 Lakh for 1st place, INR 3 Lakh for t‚Ä¶",Trust
208,2018-07-23T08:46:37.000Z,@OnePlus_IN Thank you @GameloftIN and @OnePlus_IN for organizing such an event. It was a fun experience.,Surprise
209,2018-07-19T16:57:57.000Z,So what's your racing mantra? @Asphalt 9: Legends is coming soon. Pre-register now: https://t.co/weeqqEmbc8 #Asphalt9Legends #DefineYourDrive,Anticipation
210,2018-07-11T01:21:29.000Z,Well that concludes my Asphalt One Plus Phase 4 TLE. Thank you GL this race in Nevada helped me master one of the best cave tricks. Now I believe I can get Top 10 in all TLE events in Nevada worldwide. #OnePlusAsphaltCup @GameloftIN https://t.co/M0QRJl6ubh,Joy
211,2018-07-11T01:16:03.000Z,"@GameloftIN Hey @GameloftIN, Can you put up both IOS and Android Leaderboards for Round4?",Surprise
212,2018-07-07T14:29:05.000Z,@GameloftIN Hey @GameloftIN do we have to fill the form after all races? I have filled the form but not after my best Lap!!,Surprise
213,2018-07-07T08:05:06.000Z,Discover cutting-edge racing tech in @Asphalt 9: Legends. Pre-register for a NEW reward: https://t.co/weeqqE4zNy #Asphalt9Legends #Hypercars,Anticipation
214,2018-07-05T16:26:06.000Z,@ShamdanW @GameloftIN If you have enough to reach the end then no need for perfect nitro,Trust
215,2018-07-05T14:18:37.000Z,@ShamdanW @GameloftIN You do have to use perfect nitro at times but not always. For example it is advised to not use perfect race at the start of a race,Joy
216,2018-07-05T09:22:31.000Z,@ShamdanW @GameloftIN Thank you very much. The Phase 4 race on Nevada requires you to have ET because of its poor Nitro duration. Have played exactly 16 races I believe since morning.,Joy
217,2018-07-05T01:04:48.000Z,@ShamdanW @GameloftIN About 5 with extra tank. On the first day I was all in with single tank but then decided to go ET.,Surprise
218,2018-07-04T04:54:42.000Z,@Srihari47862513 @GameloftIN Check this https://t.co/weZe95Adp0,Trust
219,2018-07-03T12:03:58.000Z,@GameloftIN Hi @GameloftIN it would be great if you could publish the points leaderboard for all past 3 rounds since this is the last one. Also when will the Round 3 results come out?,Trust
220,2018-07-03T11:29:32.000Z,RT @GameloftIN: Fasten up your seat belts! #OnePlusAsphaltCup Last Round starts tomorrow. Retweet if you are excited! https://t.co/CthYKI9X‚Ä¶,Anticipation
221,2018-07-02T04:25:30.000Z,Well that concludes my Asphalt One Plus Phase 3 TLE. However Its the Android Leaderboard üòÖ. Hope I can get the weekly prize #OnePlusAsphaltCup @GameloftIN https://t.co/UyJoWtIKDZ,Joy
222,2018-06-29T15:38:08.000Z,A new era of arcade racing is about to begin with @Asphalt 9: Legends! Pre-register at https://t.co/weeqqE4zNy #Asphalt9Legends #ArcadeRacing,Anticipation
223,2018-05-06T10:54:41.000Z,@vikramsampath @bitspilaniindia @narendramodi @PrakashJavdekar @ndtv @TimesNow @republic @IndiaToday @CNNnews18 @ThePrintIndia Thank you for your support!!,Trust
224,2018-04-26T06:24:07.000Z,"The new BeastMobil in Asphalt üòç
Can't wait to beat all the Vulcans!!
#ApolloIE #IntensaEmozione #giveaway #contest #Asphalt8 https://t.co/BV9UxYBDLw",Surprise
225,2018-01-30T04:13:59.000Z,Justice League Shazam Preview and Superman Cameo Theory https://t.co/FyOUEAK31G via @YouTube,Joy
226,2018-01-04T17:18:51.000Z,Let the fun begin üòÉ https://t.co/iiMTJf4ZHY,Joy
227,2017-12-05T13:27:13.000Z,When Jadeja didn't realise it was OUT https://t.co/mhYH3K3g1o,Surprise
228,2017-10-24T11:03:30.000Z,"RT @PyBITS_Hyd: Workshops during #PyBITS 2017. Book your tickets fast if you haven't yet. link - https://t.co/GJhtwZpfoT  
@hydPython  @saj‚Ä¶",Trust
229,2017-09-05T10:43:35.000Z,Join me and sign up to compete in University Codesprint 3 on @hackerrank https://t.co/i2whdCT4JT,Joy
230,2017-09-05T10:42:19.000Z,@Captain_Aravind Nahin 2017 me hoga üòÇ,Trust
231,2017-09-04T15:04:23.000Z,I got: 10 out of 10!  - How well do you remember Need For Speed: Underground 2 https://t.co/jl1iBAMaCL via @DIVETRIBES,Trust
232,2016-11-21T14:39:30.000Z,Hello Twitter! #myfirstTweet,Surprise
